Family,Scientific Name & Authority,Common English Name(s),Local Name(s) (Sinhala/Tamil),Endemic Status,Venom & Medical Significance,Global IUCN Red List Status,A detailed description,how to find(recognize),foods they eat,Contagion (Reproduction),Areas spread across Sri Lanka
Typhlopidae,"Indotyphlops braminus (Daudin, 1803)","Brahminy Blind Snake, Flowerpot Snake","කණඋල්ලා (Kanaulla), දුමුටු කණඋල්ලා (Dumutu Kanaulla) / Sirupaambu (சிறு பாம்பு)",Not Endemic,"Non-venomous, Harmless",LC (Least Concern),"A very small, thin, worm-like snake, typically 10-15 cm long. The body is uniformly covered in tiny, glossy, overlapping scales of dark brown, greyish-black, or purplish color. The head is indistinct from the neck, and the eyes are reduced to tiny, barely visible dark spots. The tail is short and blunt, ending in a tiny, harmless spur.","Often mistaken for an earthworm. Differentiated from worms by its glossy scales, rapid, non-undulating movement, and a dry, non-slimy body. It cannot retract or expand its body like an earthworm. Found under loose soil, in flowerpots, under decaying logs, stones, and leaf litter. Often surfaces after heavy rain.","Primarily feeds on the eggs, larvae, and pupae of ants and termites.","Parthenogenetic (all-female species). Reproduction occurs without males. It lays 2-8 tiny, elongated eggs which hatch into miniature versions of the adult.","Widespread throughout the island, from coastal lowlands up to mid-hills (around 1500m)."
Gerrhopilidae,"Gerrhopilus ceylonicus (Smith, 1943)","Sri Lanka Worm Snake, Ceylonese Blind Snake","ලංකා පණුඋල්ලා (Lanka Panu-ulla)",Endemic to Sri Lanka,"Non-venomous, Harmless",EN (Endangered),"A small, rare, fossorial (burrowing) snake with a slender, cylindrical body. It has a shiny, smooth-scaled appearance. The head is not distinct from the body. Eyes are vestigial, appearing as dark spots beneath translucent scales. Detailed descriptions of coloration and scalation are scarce.","Extremely rare and difficult to find. It is a burrowing species, likely inhabiting loose soil and leaf litter in forested areas of the wet zone. Identification requires expert examination of head scales to differentiate it from other blind snakes.","Diet is not specifically documented but is presumed to be similar to other blind snakes, consisting of small invertebrates like ant and termite larvae.","Oviparous (egg-laying). Specific details on clutch size and breeding habits are not well-documented due to its rarity.","Known from the wet zone, particularly in the central hills. The type specimen was from Peradeniya. Records are scarce, suggesting a very restricted distribution."
Gerrhopilidae,"Gerrhopilus maculatus (Steindachner, 1861)",Spotted Blind Snake,Not Applicable,Not found in Sri Lanka,"Non-venomous, Harmless",NE (Not Evaluated),"This species is found in Southeast Asia (e.g., Thailand, Malaysia) and is not recorded from Sri Lanka.","This species is not recorded from Sri Lanka.","This species is not recorded from Sri Lanka.","This species is not recorded from Sri Lanka.","This species is not recorded from Sri Lanka."
Gerrhopilidae,"Gerrhopilus oatesii (Boulenger, 1890)",Oates's Blind Snake,Not Applicable,Not found in Sri Lanka,"Non-venomous, Harmless",DD (Data Deficient),"This species is found in Myanmar and is not recorded from Sri Lanka.","This species is not recorded from Sri Lanka.","This species is not recorded from Sri Lanka.","This species is not recorded from Sri Lanka.","This species is not recorded from Sri Lanka."
Gerrhopilidae,"Gerrhopilus petersi (Boulenger, 1893)",Peters's Blind Snake,Not Applicable,Not found in Sri Lanka,"Non-venomous, Harmless",NE (Not Evaluated),"This species is found in the Philippines and is not recorded from Sri Lanka.","This species is not recorded from Sri Lanka.","This species is not recorded from Sri Lanka.","This species is not recorded from Sri Lanka.","This species is not recorded from Sri Lanka."
Gerrhopilidae,"Gerrhopilus walli (Wall, 1908)",Wall's Blind Snake,Not Applicable,Not found in Sri Lanka,"Non-venomous, Harmless",NE (Not Evaluated),"This species is found in Southern India and is not recorded from Sri Lanka.","This species is not recorded from Sri Lanka.","This species is not recorded from Sri Lanka.","This species is not recorded from Sri Lanka.","This species is not recorded from Sri Lanka."
Xenotyphlopidae,"Xenotyphlops unicolor (Greuter, 1991)",Madagascar Blind Snake,Not Applicable,Not found in Sri Lanka,"Non-venomous, Harmless",DD (Data Deficient),"This genus is endemic to Madagascar and is not recorded from Sri Lanka.","This genus is endemic to Madagascar and is not recorded from Sri Lanka.","This genus is endemic to Madagascar and is not recorded from Sri Lanka.","This genus is endemic to Madagascar and is not recorded from Sri Lanka.","This genus is endemic to Madagascar and is not recorded from Sri Lanka."
Cylindrophiidae,"Cylindrophis maculatus (Linnaeus, 1758)","Sri Lankan Pipe Snake, Ceylonese Cylinder Snake","දෙපත් නයා (Depath Naya), වටඋල්ලා (Wataulla)",Endemic to Sri Lanka,"Non-venomous, Harmless",NT (Near Threatened),"A small to medium-sized snake (up to 75 cm) with a cylindrical body and short, blunt tail that resembles the head. The dorsal coloration consists of a black or dark brown background with two series of large, irregular reddish-brown or orange blotches. The belly is distinctively patterned with alternating large black and white squares or bands.","Recognized by its unique 'two-headed' appearance (blunt head and tail) and striking black-and-white checkered belly. When threatened, it hides its head and raises its tail, flattening it to display the bright underside, mimicking a cobra's hood. It's a burrowing snake, found under loose soil, leaf litter, and rotting logs.","Specialized diet consisting of other snakes (especially blind snakes and shieldtails), eels, and caecilians. May also eat earthworms.","Viviparous (gives birth to live young). Produces litters of 2-15 young.","Found throughout the low country wet and intermediate zones, and mid-hills up to about 1000m. Common in agricultural areas like paddy fields and home gardens."
Uropeltidae,"Platyplectrurus madurensis (Beddome, 1877)",Madurai Shieldtail Snake,Not Applicable,Presence in Sri Lanka doubtful,"Non-venomous, Harmless",LC (Least Concern),"While some older records exist, modern checklists consider the genus Platyplectrurus to be endemic to the Western Ghats of India. Its presence in Sri Lanka is not currently accepted by most herpetologists.","Its presence in Sri Lanka is not currently accepted by most herpetologists.","Its presence in Sri Lanka is not currently accepted by most herpetologists.","Its presence in Sri Lanka is not currently accepted by most herpetologists.","Its presence in Sri Lanka is not currently accepted by most herpetologists."
Uropeltidae,"Pseudoplectrurus canaricus (Beddome, 1870)",Karnataka Burrowing Snake,Not Applicable,Not found in Sri Lanka,"Non-venomous, Harmless",EN (Endangered),"This species is endemic to the Western Ghats of India and is not recorded from Sri Lanka.","This species is not recorded from Sri Lanka.","This species is not recorded from Sri Lanka.","This species is not recorded from Sri Lanka.","This species is not recorded from Sri Lanka."
Uropeltidae,"Rhinophis blythii (Kelaart, 1853)","Blyth's Shieldtail Snake","බ්ලයිත්ගේ තේරිවාලා (Blythge Theriwala), දත් තේරිවාලා (Dath Theriwala)",Endemic to Sri Lanka,"Non-venomous, Harmless",VU (Vulnerable),"A small burrowing snake with a pointed snout and a large, flattened tail shield. The body is dark brown or blackish above, often with yellow spots or crossbars. The belly is yellowish, mottled with dark brown. The tail shield is large and covered with keeled scales.","Identified by its pointed head for burrowing and a distinctive, large, rough tail shield. It's a fossorial species, found in loose soil, under rocks, and in decaying vegetation in montane and sub-montane forests.","Feeds primarily on earthworms.","Viviparous (gives birth to live young), producing 2-5 offspring.","Central hills of Sri Lanka, typically above 900m elevation. Found in areas like Nuwara Eliya, Horton Plains, and Hakgala."
Uropeltidae,"Rhinophis boulengeri (Wall, 1921)",Boulenger's Shieldtail Snake,"බුලන්ජර්ගේ තේරිවාලා (Boulengerge Theriwala)",Endemic to Sri Lanka,"Non-venomous, Harmless",EN (Endangered),"A small, slender shieldtail snake. Dorsal color is uniform iridescent black or dark brown. The ventral side is dark with some lighter mottling. The tail ends in a small, convex, and smooth shield. Total length around 25 cm.","Distinguished from other Rhinophis by its smooth, small tail shield and mostly uniform dark coloration. A rare, burrowing species found in soil and leaf litter of montane forests.","Feeds on earthworms and other soft-bodied invertebrates.","Viviparous (gives birth to live young).","Known from the central highlands, specifically from areas like Pattipola and Ohiya."
Uropeltidae,"Rhinophis drummondhayi (Wall, 1921)","Drummond-Hay's Shieldtail Snake","හේරත් හාමිගේ තේරිවාලා (Herath Hamige Theriwala)",Endemic to Sri Lanka,"Non-venomous, Harmless",EN (Endangered),"A relatively large shieldtail (up to 40 cm). The dorsal side is dark purplish-brown. It has a distinctive series of bright yellow triangular spots along each side of the body, and a yellow band across the tail shield. The belly is brownish. The tail shield is large and covered in coarse keels.","Easily recognized by the prominent row of yellow triangular markings along its flanks. A fossorial snake found in wet forests, plantations (tea, cardamom), and home gardens in the central hills.","Feeds on earthworms.","Viviparous (gives birth to live young).","Central hills, primarily in the Uva Province, in areas like Gannoruwa, Gammaduwa, and the Knuckles mountain range."
Uropeltidae,"Rhinophis erangaviraji (Wickramasinghe et al., 2009)","Eranga's Shieldtail Snake","එරංගගේ තේරිවාලා (Erangage Theriwala)",Endemic to Sri Lanka,"Non-venomous, Harmless",CR (Critically Endangered),"A small species, uniformly brown or blackish-brown on the dorsal side. The ventral side is slightly lighter. The key feature is the tail shield, which is distinctly flattened and concave (depressed in the middle).","Identified by its unique concave tail shield, a feature not seen in other Sri Lankan Rhinophis. It is a burrowing snake, found in soil and under decaying logs in montane forests.","Feeds on earthworms.","Viviparous (gives birth to live young).","Known only from a very restricted area in the Morningside forest reserve, within the Sinharaja World Heritage Site."
Uropeltidae,"Rhinophis gunasekarai (Wickramasinghe et al., 2017)",Gunasekara's Shieldtail Snake","ගුණසේකරගේ තේරිවාලා (Gunasekarage Theriwala)",Endemic to Sri Lanka,"Non-venomous, Harmless",CR (Critically Endangered),"A small, slender shieldtail. The back is uniformly iridescent dark brown. It has a distinct thin yellow line running along the lower part of its sides, from the snout to the tail. The tail shield is small and weakly keeled.","Recognized by the continuous yellow lateral stripe on a dark body. It is a fossorial species inhabiting leaf litter and loose soil in rainforest habitats.","Feeds on earthworms.","Viviparous (gives birth to live young).","Known only from the southern edge of the Sinharaja rainforest."
Uropeltidae,"Rhinophis homolepis (Hemprich, 1820)","Schneider's Shieldtail Snake","තිත් පොළොං තේරිවාලා (Thith Polon Theriwala)",Endemic to Sri Lanka,"Non-venomous, Harmless",NT (Near Threatened),"Dorsal color is dark brown or black with numerous small yellow spots, sometimes forming irregular crossbars. The ventral side is brown, mottled with yellow. Tail shield is large and covered with spiny keels.","Identified by its dark body covered in many small yellow spots, giving it a speckled appearance. Found in the soil and leaf litter of lowland rainforests and nearby plantations.","Feeds on earthworms.","Viviparous (gives birth to live young).","Found in the lowland wet zone, including areas like Kandy, Peradeniya, and the Sinharaja region."
Uropeltidae,"Rhinophis lineatus (Gans & Fetcho, 1982)",Striped Shieldtail Snake","ඉරි තේරිවාලා (Iri Theriwala)",Endemic to Sri Lanka,"Non-venomous, Harmless",CR (Critically Endangered),"A very small and slender shieldtail. It is uniquely colored with a bright yellow dorsal stripe running from the head to the tail, bordered by dark brown or black sides. The belly is white. The tail shield is small and smooth.","Unmistakable due to the prominent, single yellow stripe down its back. It's a burrowing snake, found in humus and loose soil in lowland rainforests.","Feeds on earthworms and other small, soft-bodied invertebrates.","Viviparous (gives birth to live young).","Extremely rare, known only from a few specimens from a very small area in the lowland wet zone (e.g., Gampola)."
Uropeltidae,"Rhinophis oxyrhynchus (Schneider, 1801)","Hump-nosed Shieldtail Snake","කටුවැල්ල (Katuwalla), උල්කටු තේරිවාලා (Ul-katu Theriwala)",Endemic to Sri Lanka,"Non-venomous, Harmless",NT (Near Threatened),"One of the largest shieldtails (up to 50 cm). The body is yellowish-brown or greyish above, with each scale having a darker brown spot, forming faint longitudinal lines. The snout is sharply pointed. The tail shield is large and strongly keeled.","Recognized by its larger size, sharply pointed snout, and drab, earthy coloration. It is a powerful burrower found in sandy soils in the dry and intermediate zones, often in scrubland and agricultural areas.","Feeds on earthworms.","Viviparous (gives birth to live young).","Found in the low country dry and intermediate zones, from the northern plains down to the south-eastern coast."
Uropeltidae,"Rhinophis phillipsi (Nicholls, 1929)",Phillips's Shieldtail Snake","ෆිලිප්ස්ගේ තේරිවාලා (Philipsge Theriwala)",Endemic to Sri Lanka,"Non-venomous, Harmless",EN (Endangered),"A slender shieldtail with a dark brown or black back. It is distinguished by a series of separate, large, bright yellow blotches along its lower sides. The belly is dark. The tail shield is large and strongly keeled.","Distinguished from R. drummondhayi by having separate yellow blotches on the sides, rather than connected triangular spots. A burrowing species found in wet montane forests and tea estates.","Feeds on earthworms.","Viviparous (gives birth to live young).","Central hills, in areas like Gammaduwa and the Knuckles mountain range."
Uropeltidae,"Rhinophis punctatus (Müller, 1832)",Müller's Shieldtail Snake","තිත් තේරිවාලා (Thith Theriwala)",Endemic to Sri Lanka,"Non-venomous, Harmless",EN (Endangered),"A medium-sized shieldtail. Dorsal coloration is light brown or yellowish with three prominent series of large, round, dark brown or black spots running down the body. The belly is yellowish. The tail shield is flattened and covered with coarse keels.","Easily identified by the three rows of large, distinct dark spots on a lighter background. Fossorial, found in loose soil and humus in lowland and sub-montane wet zone forests.","Feeds on earthworms.","Viviparous (gives birth to live young).","Found in the wet zone, from lowlands to mid-hills, in locations like Kandy, Labugama, and parts of the Sinharaja region."
Uropeltidae,"Rhinophis saffragamus (Kelaart, 1853)","Large Shieldtail Snake","මහ තේරිවාලා (Maha Theriwala)",Endemic to Sri Lanka,"Non-venomous, Harmless",EN (Endangered),"The largest shieldtail species in Sri Lanka (can exceed 50 cm). It has a robust body, dark brown to black above, with an iridescent sheen. The belly is dark. The tail shield is very large, circular, and covered with coarse, spiny keels.","Recognized by its large size, robust build, uniform dark color, and very large, rough tail shield. A powerful burrower found in the soil of lowland rainforests and adjacent plantations.","Feeds on earthworms.","Viviparous (gives birth to live young).","Lowland wet zone, particularly in the Sabaragamuwa Province, including areas like Ratnapura and the Sinharaja forest."
Uropeltidae,"Uropeltis ceylanicus (Cuvier, 1829)",Cuvier's Shieldtail Snake,Not Applicable,Not found in Sri Lanka,"Non-venomous, Harmless",NE (Not Evaluated),"Despite the name 'ceylanicus', this species is endemic to the Western Ghats of India and is not found in Sri Lanka. The name is a historical misnomer.","This species is not recorded from Sri Lanka.","This species is not recorded from Sri Lanka.","This species is not recorded from Sri Lanka.","This species is not recorded from Sri Lanka."
Uropeltidae,"Uropeltis grandis (Kelaart, 1853)",(Synonym),Not Applicable,(Synonym),This is a synonym of Rhinophis saffragamus (Kelaart, 1853), a species already listed. It is not a distinct species.,(Synonym),See entry for Rhinophis saffragamus.,See entry for Rhinophis saffragamus.,See entry for Rhinophis saffragamus.,See entry for Rhinophis saffragamus.,See entry for Rhinophis saffragamus.
Uropeltidae,"Uropeltis ruhunae (Deraniyagala, 1954)",Ruhuna Shieldtail Snake","රුහුණු දෙපත් කළුවා (Ruhunu Depath Kaluwa)",Endemic to Sri Lanka,"Non-venomous, Harmless",CR (Critically Endangered),"A very small and rare shieldtail. Body is uniformly black or dark brown with a strong iridescent sheen. Unlike Rhinophis, the tail does not end in a large shield but is truncated obliquely, ending in a somewhat flattened, rough surface.","Identified as a Uropeltis by its obliquely truncated tail (not a large shield). It is extremely rare and fossorial, inhabiting deep soil and leaf litter in specific lowland rainforest patches.","Feeds on earthworms.","Viviparous (gives birth to live young).","Known only from a few specific locations in the southern lowland wet zone, such as the Kottawa and Dellawa forests."
Uropeltidae,"Uropeltis woodmasoni (Theobald, 1876)",Woodmason's Shieldtail Snake,Not Applicable,Not found in Sri Lanka,"Non-venomous, Harmless",LC (Least Concern),"This species is endemic to the Western Ghats of India and is not recorded from Sri Lanka.","This species is not recorded from Sri Lanka.","This species is not recorded from Sri Lanka.","This species is not recorded from Sri Lanka.","This species is not recorded from Sri Lanka."
Pythonidae,"Python molurus (Linnaeus, 1758)","Indian Rock Python","පිඹුරා (Pimbura) / Malaippaampu (மலைப்பாம்பு)",Not Endemic,"Non-venomous, Harmless to humans but can deliver a painful bite. Not medically significant.","VU (Vulnerable) (globally, the subspecies in Sri Lanka, P. m. pimbura, is considered vulnerable)","A very large, heavy-bodied snake, commonly reaching 3-4 meters. The body is patterned with large, irregular, dark brown blotches on a lighter yellowish or tan background. It has a distinctive arrowhead-shaped marking on its head and heat-sensing pits along the upper lip.","Unmistakable due to its large size, robust build, and python pattern. It is semi-arboreal when young but mostly terrestrial as an adult. Found in a variety of habitats including forests, scrublands, grasslands, and near water bodies. Often found in rocky outcrops and abandoned burrows.","Feeds on a wide range of mammals (from rodents to deer fawns and monkeys) and birds. It is a non-venomous constrictor, killing prey by suffocation.","Oviparous (egg-laying). The female lays a large clutch of up to 100 eggs and coils around them to provide warmth through muscular shivering (thermoregulation) until they hatch.","Found throughout the island, from the low country dry zone to the wet zone and lower hills, but is becoming increasingly uncommon due to habitat loss and persecution."
Boidae,"Eryx conicus (Schneider, 1801)","Rough-scaled Sand Boa, Common Sand Boa","වැලි පිඹුරා (Weli Pimbura) / Mann Pambu (மண் பாம்பு)",Not Endemic,"Non-venomous, Harmless",LC (Least Concern),"A short, stout-bodied snake with a very blunt tail, typically under 60 cm. The scales are heavily keeled, giving it a rough texture. Coloration is a mix of yellowish, brown, and grey, with dark brown or black irregular blotches. The head is wedge-shaped and not distinct from the neck.","Recognized by its thick, stumpy body, rough scales, and very short, blunt tail. It is a burrowing snake, often found in sandy or loose soil in arid and semi-arid regions. It lies buried with just its eyes and snout exposed, waiting to ambush prey.","Feeds primarily on small rodents (mice, rats), which it ambushes from below the sand. It also eats small lizards and birds. Kills prey by constriction.","Viviparous (gives birth to live young), producing litters of 1-14 offspring.","Primarily found in the coastal areas of the dry zone, especially in the north, northwest (Puttalam, Mannar), and southeast (Yala, Bundala)."
Acrochordidae,"Acrochordus granulatus (Schneider, 1799)","File Snake, Marine File Snake","මුහුදු දිය ගොයා (Mudu Diya Goya), රිවෝල් සර්පයා (Rivol Sarpaya)",Not Endemic,"Non-venomous, Harmless",LC (Least Concern),"A fully aquatic snake with a unique, baggy skin covered in tiny, granular, keeled scales that give it a rough, file-like texture. It has a flattened, paddle-like tail. Coloration is grey or brown with pale crossbands. It cannot move effectively on land.","Instantly recognizable by its loose, baggy skin and sandpaper-like texture. It is found in coastal marine waters, estuaries, and river mouths. Often caught in fishing nets.","Feeds almost exclusively on small fish and crustaceans, such as gobies and crabs.","Viviparous (gives birth to live young), producing small litters of 1-12 young directly in the water.","Found in coastal waters and estuaries around the island."
Colubridae,"Ahaetulla nasuta (Lacépède, 1789)","Common Vine Snake, Green Vine Snake","ඇහැටුල්ලා (Ahaetulla) / Pachai Pambu (பச்சை பாம்பு)",Not Endemic,"Mildly venomous (rear-fanged). Venom is not considered dangerous to humans, but a bite can cause localized swelling and pain. Not medically significant.","LC (Least Concern),"A very long, extremely slender snake with a sharply pointed snout. The body is bright leaf-green above and pale green or yellowish below. It has binocular vision, with horizontal, keyhole-shaped pupils. Can grow up to 1.5 meters.","Identified by its pencil-thin body, vibrant green color, and long, pointed head. It is an arboreal (tree-dwelling) snake, perfectly camouflaged among foliage in gardens, forests, and plantations. When threatened, it inflates its neck to display black and white interstitial skin.","Feeds mainly on lizards (especially geckos and agamids), frogs, and occasionally small birds and rodents.","Viviparous (gives birth to live young). The young are born with the same slender, green appearance as the adults.","Widespread throughout the island in all climatic zones, from sea level up to the higher hills. Very common."
Colubridae,"Ahaetulla pulverulenta (Duméril, Bibron & Duméril, 1854)","Brown-speckled Vine Snake, Brown Vine Snake","දුඹුරු ඇහැටුල්ලා (Dumburu Ahaetulla), හෙනකරවලා (Henakarawala)",Not Endemic,"Mildly venomous (rear-fanged). Similar to A. nasuta, not considered dangerous to humans.","NT (Near Threatened),"Similar in build to the Green Vine Snake but with different coloration. It is brownish or grayish, heavily speckled with black and white. The head is long and pointed. When threatened, it inflates its neck revealing a striking checkered pattern.","Distinguished from the common vine snake by its brown, speckled coloration. It is also an arboreal snake but is much rarer and prefers undisturbed forest habitats, especially in the wet zone.","Feeds on lizards, frogs, and other small arboreal animals.","Viviparous (gives birth to live young).","Primarily found in the lowland wet zone and intermediate zones, typically in forested areas. Much less common than its green counterpart."
Colubridae,"Ahaetulla isabellina (Wall, 1910)",Wall's Vine Snake,Not Applicable,Not found in Sri Lanka,"Mildly venomous (rear-fanged).","NE (Not Evaluated),"This species is considered endemic to the Western Ghats of India. Older records from Sri Lanka are now considered misidentifications of other Ahaetulla species.","This species is not recorded from Sri Lanka.","This species is not recorded from Sri Lanka.","This species is not recorded from Sri Lanka.","This species is not recorded from Sri Lanka."
Colubridae,"Amphiesma stolatum (Linnaeus, 1758)","Buff-striped Keelback","අළු හබරාලා (Alu Habarala) / Nikitan Pambu (நிகிதன் பாம்பு)",Not Endemic,"Non-venomous, Harmless",LC (Least Concern),"A small to medium-sized snake, typically olive-brown or greyish. It has two distinct buff, yellow, or orange stripes running along the length of its body on the lower flanks. The scales are keeled (ridged). When agitated, it flattens its neck to display bright blue or red coloration between the scales.","Recognized by the two light-colored stripes on its flanks and keeled scales. It is a terrestrial, diurnal snake found in open areas with grass and vegetation, especially near water, such as paddy fields, marshes, and grasslands.","Feeds primarily on frogs and toads, but will also eat fish, tadpoles, and insects.","Oviparous (egg-laying), laying clutches of 5-15 eggs in moist soil or vegetation.","Widespread and common throughout the island in all climatic zones up to about 1000m."
Colubridae,"Aspidura brachyorrhos (Boie, 1827)","Boie's Rough-sided Snake","කුඩා මැඩිල්ලා (Kuda Madilla)",Endemic to Sri Lanka,"Non-venomous, Harmless",NT (Near Threatened),"A small, fossorial snake with a brown or reddish-brown body. It has a series of small, blackish spots or a vertebral stripe. The belly is yellowish or orange. The tail is short and pointed. Scales are smooth.","This is the only Aspidura species found in the low country wet zone. It's a small, burrowing snake found under loose soil, rocks, and decaying logs in rainforests and well-wooded home gardens.","Feeds exclusively on earthworms.","Oviparous (egg-laying).","Confined to the lowland wet zone, from near sea level up to about 500m."
Colubridae,"Aspidura ceylonensis (Günther, 1858)","Ceylon Black-spined Snake","ලංකා මැඩිල්ලා (Lanka Madilla)",Endemic to Sri Lanka,"Non-venomous, Harmless",EN (Endangered),"A small snake, yellowish-brown to dark brown above, with a prominent black vertebral stripe that runs the entire length of the body. The belly is yellow or orange.","Distinguished by the single, continuous black line running down its back. A high-altitude, burrowing snake found in montane forests, tea estates, and home gardens under rocks and logs.","Feeds exclusively on earthworms.","Oviparous (egg-laying).","Found in the central highlands, typically above 1200m, in areas like Nuwara Eliya, Horton Plains, and Pattipola."
Colubridae,"Aspidura copei (Günther, 1864)","Cope's Rough-sided Snake","කෝප්ගේ මැඩිල්ලා (Kopge Madilla)",Endemic to Sri Lanka,"Non-venomous, Harmless",VU (Vulnerable),"A medium-sized Aspidura. The body is dark brown or black above, with a striking bright yellow or orange collar just behind the head. The belly is checkered with black and yellow/orange.","Unmistakable due to the bright yellow/orange nuchal collar on a dark body. It is a burrowing snake found in the soil and leaf litter of montane and sub-montane forests.","Feeds exclusively on earthworms.","Oviparous (egg-laying).","Central hills, typically between 600m and 1800m. Found in areas like Kandy, Peradeniya, and the Knuckles range."
Colubridae,"Aspidura deraniyagalae (Gans & Fetcho, 1982)","Deraniyagala's Rough-sided Snake","දැරණියගලගේ මැඩිල්ලා (Deraniyagalage Madilla)",Endemic to Sri Lanka,"Non-venomous, Harmless",CR (Critically Endangered),"A small, slender species. Brown above with a faint, darker vertebral line. The belly is bright orange or red. It has a distinctively long tail for the genus.","Identified by its slender build, long tail, and bright red/orange belly. A very rare and localized species, found burrowing in the humus layer of specific rainforest habitats.","Feeds exclusively on earthworms.","Oviparous (egg-laying).","Known only from a few locations in the Rakwana hills, such as the Morningside forest reserve."
Colubridae,"Aspidura desilvai (Wickramasinghe et al., 2017)","De Silva's Rough-sided Snake","ද සිල්වාගේ මැඩිල්ලා (De Silvage Madilla)",Endemic to Sri Lanka,"Non-venomous, Harmless",CR (Critically Endangered),"A small species, light brown dorsally with a dark brown head. Lacks a vertebral stripe but has two rows of faint dark spots. The belly is bright reddish-orange.","Distinguished by its light brown color, dark head, and reddish-orange belly. A fossorial snake endemic to the Knuckles mountain range, found in soil under forest cover.","Feeds exclusively on earthworms.","Oviparous (egg-laying).","Known only from the Knuckles Conservation Forest."
Colubridae,"Aspidura drummondhayi (Boulenger, 1904)","Drummond-Hay's Rough-sided Snake","ඩ්‍රමන්ඩ් හේගේ මැඩිල්ලා (Drummond Hege Madilla)",Endemic to Sri Lanka,"Non-venomous, Harmless",EN (Endangered),"A stout-bodied Aspidura, dark brown or black above. It lacks a vertebral stripe but has irregular, small yellow spots or flecks, especially on the sides. The belly is black.","Identified by its robust build, dark coloration with yellow flecks, and solid black belly. A high-altitude species, found burrowing in montane forests and grasslands.","Feeds exclusively on earthworms.","Oviparous (egg-laying).","Endemic to the highest elevations of the central highlands, such as Horton Plains National Park."
Colubridae,"Aspidura guentheri (Ferguson, 1876)","Günther's Rough-sided Snake","ගුන්තර්ගේ මැඩිල්ලා (Guntherge Madilla)",Endemic to Sri Lanka,"Non-venomous, Harmless",EN (Endangered),"A small, slender snake. Dark purplish-brown above with a faint, darker vertebral line. The belly is bright coral-red. The underside of the tail is black.","Distinguished by its slender body and bright red belly contrasted with a black subcaudal (under-tail) area. A burrowing species found in wet zone forests at mid-elevations.","Feeds exclusively on earthworms.","Oviparous (egg-laying).","Found in the central hills around Kandy and the Sabaragamuwa province."
Colubridae,"Aspidura ravanai (Wickramasinghe et al., 2017)","Ravana's Rough-sided Snake","රාවණාගේ මැඩිල්ලා (Ravanage Madilla)",Endemic to Sri Lanka,"Non-venomous, Harmless",CR (Critically Endangered),"A small, dark brown snake with an iridescent sheen. It has a prominent, continuous yellow vertebral stripe. The belly is bright orange-red.","Distinguished by the combination of a yellow vertebral stripe and a bright orange-red belly. A burrowing species found in the soil and leaf litter of montane forests.","Feeds exclusively on earthworms.","Oviparous (egg-laying).","Known only from a small area in the central highlands of the Uva province."
Colubridae,"Aspidura trachyprocta (Cope, 1860)","Common Rough-sided Snake","කලු මැඩිල්ලා (Kalu Madilla)",Endemic to Sri Lanka,"Non-venomous, Harmless",NT (Near Threatened),"A common and variable species. Usually dark brown or black above, sometimes with faint spots or lines. The belly is typically yellow or orange, often with black spots or edges. The tail is short and thick.","The most common Aspidura species in the central hills. Differentiated from others by a combination of location and variable markings, often lacking the very distinct patterns of rarer species. Found in a wide range of habitats including forests, tea estates, and home gardens.","Feeds exclusively on earthworms.","Oviparous (egg-laying).","Widespread in the central highlands, between 1000m and 2000m."
Colubridae,"Atretium schistosum (Daudin, 1803)","Olive Keelback, Split Keelback","දිය හබරාලා (Diya Habarala)",Not Endemic,"Non-venomous, Harmless",LC (Least Concern),"A medium-sized, semi-aquatic snake. The body is typically uniform olive-green or brownish-green above, with a bright yellow, orange, or reddish belly. The scales are strongly keeled. The head is slightly wider than the neck.","Recognized by its uniform olive color, bright belly, and keeled scales. It is always found in or near water, in ponds, streams, paddy fields, and marshes. It is an excellent swimmer.","Feeds on frogs, tadpoles, fish, and crabs.","Oviparous (egg-laying).","Common in the low country, especially in the dry and intermediate zones where slow-moving water bodies are abundant."
Colubridae,"Balanophis ceylonensis (Günther, 1858)","Sri Lanka Keelback","නිල් දාරැත්තා (Nil Daeraththa)",Endemic to Sri Lanka,"Mildly venomous (rear-fanged). Not considered medically significant, but caution is advised.","VU (Vulnerable),"A beautiful, medium-sized snake. The body is olive-brown above with a series of yellow or greenish spots along the back. The most striking feature is its head and neck, which are bright green above and yellow on the lips. The belly is pale with black spots. Scales are keeled.","Unmistakable due to the bright green head and neck. It is a semi-aquatic and terrestrial snake, found along clear, fast-flowing streams and rivers in dense montane forests.","Feeds on frogs, fish, and lizards.","Oviparous (egg-laying).","Found in the wet zone hills and the Knuckles mountain range, always associated with forested streams."
Colubridae,"Boiga barnesii (Günther, 1869)","Barnes's Cat Snake","බාන්ස්ගේ මාපිලා (Barnesge Mapila)",Endemic to Sri Lanka,"Mildly venomous (rear-fanged). A bite can cause significant local pain and swelling but is not life-threatening.","VU (Vulnerable),"A long, slender, arboreal snake. Coloration is light brown or greyish-brown with a series of dark brown, inverted 'Y' shaped markings along the back. The head is large and distinct from the thin neck, with large eyes and vertical pupils.","Identified by the distinct 'Y' shaped markings on its back. It is a nocturnal, tree-dwelling snake found in wet zone forests, from lowlands to the hills.","Feeds on lizards, geckos, frogs, and small birds.","Oviparous (egg-laying), laying 3-7 eggs.","Found in the lowland wet zone and the central hills up to about 1000m."
Colubridae,"Boiga beddomei (Wall, 1909)","Beddome's Cat Snake","බෙඩෝම්ගේ මාපිලා (Beddomege Mapila)",Not Endemic,"Mildly venomous (rear-fanged). Not considered dangerous to humans.","LC (Least Concern),"A very slender, arboreal snake. Light brown or greyish with faint, darker crossbars. The head is elongated. It lacks the prominent patterns of other Boiga species in Sri Lanka.","Recognized by its very slender build and relatively plain, light brown coloration compared to other cat snakes. A rare, nocturnal, and arboreal snake of wet zone forests.","Feeds on lizards and frogs.","Oviparous (egg-laying).","Found in the wet zone hills and the Knuckles range. Also found in the Western Ghats of India."
Colubridae,"Boiga ceylonensis (Günther, 1858)","Sri Lanka Cat Snake","ලංකා මාපිලා (Lanka Mapila), නිදි මාපිලා (Nidi Mapila)",Not Endemic,"Mildly venomous (rear-fanged). Can deliver a painful bite with localized swelling. Not life-threatening.","LC (Least Concern),"A medium-to-large, arboreal snake with a laterally compressed body. Coloration is variable, usually light brown or greyish with a series of dark brown or blackish 'X' or 'H' shaped blotches along the back. Head is large with large eyes.","The most common cat snake in Sri Lanka. Identified by its size, arboreal nature, and the series of dark blotches along its back. It is nocturnal and often found in trees and shrubs in forests, plantations, and home gardens.","Feeds on lizards, birds, eggs, and small mammals.","Oviparous (egg-laying), laying 5-15 eggs.","Widespread throughout the island in all climatic zones up to about 1500m."
Colubridae,"Boiga forsteni (Duméril, Bibron & Duméril, 1854)","Forsten's Cat Snake","පොල් මල් කරවලා (Pol Mal Karawala), ලේ මාපිලා (Le Mapila)",Not Endemic,"Mildly venomous (rear-fanged). It is a large snake and a bite can be very painful with significant swelling and blistering. Medical attention may be required, but it is not fatal.","LC (Least Concern),"A large and robust cat snake. Coloration is highly variable, but commonly reddish-brown or dark brown with bold black and white crossbars or blotches, especially on the anterior part of the body. The head is very large and distinct from the neck.","Recognized by its large size and bold, often colorful patterning. It is a powerful, nocturnal, and arboreal snake. Prefers forested areas but can be found in agricultural land.","Feeds on birds, eggs, bats, and other small mammals. It is known to raid chicken coops.","Oviparous (egg-laying).","Primarily found in the dry and intermediate zones, and the lower elevations of the central hills."
Colubridae,"Boiga trigonata (Schneider, 1802)","Common Cat Snake, Indian Gamma Snake","කුණු කට කරවලා (Kunu Kata Karawala)",Not Endemic,"Mildly venomous (rear-fanged). Not considered dangerous to humans.","LC (Least Concern),"A small, slender cat snake. Light brown or fawn colored with a series of dark-edged, Y-shaped white markings along the spine. It has a distinct dark marking on the head that resembles the Greek letter gamma. It often mimics the highly venomous Saw-scaled Viper.","Identified by the series of whitish Y-shaped markings along its back. It is a nocturnal, terrestrial, and semi-arboreal snake. Found in dry and arid scrublands.","Feeds almost exclusively on lizards and geckos.","Oviparous (egg-laying).","Found in the arid zones of the north, northwest, and southeast."
Colubridae,"Cercaspis carinata (Kuhl, 1820)","Sri Lanka Wolf Snake","කටකලුවා (Katakaluwa)",Endemic to Sri Lanka,"Non-venomous, Harmless",NT (Near Threatened),"A beautiful, medium-sized snake. The body is glossy black or dark purplish-brown, encircled by 20-30 distinct, narrow white or yellowish rings that are complete across the belly. The scales are strongly keeled.","Unmistakable due to its glossy black color with complete white rings and heavily keeled scales. It is a nocturnal, terrestrial snake. When threatened, it hides its head and raises its tail, which is thought to mimic the venomous krait. Found in leaf litter in wet zone forests.","Feeds on lizards, skinks, and other snakes.","Oviparous (egg-laying), laying 4-8 eggs.","Found in the lowland wet zone and mid-hills, up to about 1000m."
Colubridae,"Chrysopelea ornata (Shaw, 1802)","Ornate Flying Snake","මල් සරයා (Mal Saraya), පොල් මල් සරයා (Pol Mal Saraya)",Not Endemic,"Mildly venomous (rear-fanged). Not considered dangerous to humans.","LC (Least Concern),"A brightly colored, slender snake. The body is greenish-yellow with black crossbars. Each scale is black-edged and has a central yellow or green spot. The head has black and yellow stripes. It is capable of gliding flight.","Identified by its striking green and black pattern and its ability to glide. To glide, it flattens its body into a concave 'C' shape and launches from a high point, covering significant horizontal distances. It is a diurnal, arboreal snake found in forests, plantations, and home gardens.","Feeds on lizards, geckos, frogs, birds, and bats, which it can sometimes catch in mid-air.","Oviparous (egg-laying).","Found throughout the low country, in both wet and dry zones."
Colubridae,"Chrysopelea taprobanica (Smith, 1943)","Sri Lankan Flying Snake","ලංකා මල් සරයා (Lanka Mal Saraya)",Endemic to Sri Lanka,"Mildly venomous (rear-fanged). Not considered dangerous to humans.","VU (Vulnerable),"Similar in build to C. ornata but with a different color pattern. The body is greyish-brown or olive-brown with orange or reddish spots along the back, each enclosed by a black ring. The belly is pale. It is also capable of gliding.","Distinguished from C. ornata by its brownish base color and orange/red dorsal spots. It is a diurnal, arboreal snake, but much rarer than its relative. It is primarily found in the dry and intermediate zones, often in taller trees.","Feeds on lizards, geckos, and other small arboreal animals.","Oviparous (egg-laying).","Found in the low country dry and intermediate zones."
Colubridae,"Coelognathus helena (Daudin, 1803)","Trinket Snake","කටකළුවා (Katakaluwa) (Note: This name is also used for Cercaspis carinata) / Kattu Pambu (கட்டு பாம்பு)",Not Endemic,"Non-venomous, Harmless. It is a very nervous snake and will strike readily if threatened, but the bite is harmless.","LC (Least Concern),"A medium-sized, slender snake. The body is light brown or olive-brown. The anterior part of the body has distinct, broad, black crossbands enclosing white or yellow ocelli (eyespots). The posterior body has two dark stripes. It has a distinctive black streak below the eye.","Recognized by the ornate 'trinket' pattern of black and white ocelli on the front half of its body. It is a terrestrial, diurnal snake found in a variety of habitats, including scrubland, agricultural areas, and open forests. When threatened, it assumes a characteristic 'S' pose and inflates its neck.","Feeds primarily on rodents, but also takes lizards and frogs.","Oviparous (egg-laying), laying 6-12 eggs.","Found throughout the island, but most common in the low country dry zone."
Colubridae,"Dendrelaphis bifrenalis (Boulenger, 1890)","Boulenger's Bronzeback","බුලන්ජර්ගේ හාල්දන්ඩා (Boulengerge Haaldanda)",Endemic to Sri Lanka,"Non-venomous, Harmless",NT (Near Threatened),"A slender, arboreal snake. The body is bronze-brown above. It has a prominent black stripe that runs from the snout, through the eye, and along the entire length of the body. Below this is a creamy-yellow stripe. The belly is pale.","Identified by the distinct black stripe running the full length of its body, separating the bronze back from the cream flank stripe. It is a diurnal, tree-dwelling snake found in wet zone forests.","Feeds on lizards and frogs.","Oviparous (egg-laying).","Found in the lowland wet zone and the central hills."
Colubridae,"Dendrelaphis caudolineolatus (Günther, 1869)","Günther's Bronzeback, Lined Bronzeback","ගුන්තර්ගේ හාල්දන්ඩා (Guntherge Haaldanda)",Not Endemic,"Non-venomous, Harmless",LC (Least Concern),"A slender, arboreal snake. Bronze-brown above. It is distinguished by several thin, black lines on the posterior part of the body and on the tail. It also has a black stripe through the eye, but this stripe does not extend far down the body.","Identified by the presence of multiple fine black lines on the rear of its body and tail. It is a fast-moving, diurnal, and arboreal snake found in forests and well-wooded areas.","Feeds on lizards and frogs.","Oviparous (egg-laying).","Found throughout the island in all climatic zones."
Colubridae,"Dendrelaphis oliveri (Taylor, 1950)","Oliver's Bronzeback","ඔලිවර්ගේ හාල්දන්ඩා (Oliverge Haaldanda)",Endemic to Sri Lanka,"Non-venomous, Harmless",VU (Vulnerable),"A slender, arboreal snake. Bronze above. It is distinguished by having a broad, black band on the side of its neck, which then breaks up into oblique bars. It lacks a prominent stripe running down the body.","The key identifying feature is the broad black patch on the side of the neck. It is a diurnal, arboreal snake found in the forests of the central hills.","Feeds on lizards and frogs.","Oviparous (egg-laying).","Found in the central hills, typically at mid-to-high elevations."
Colubridae,"Dendrelaphis schokari (Kuhl, 1820)","Schokar's Bronzeback","ශෝකාරිගේ හාල්දන්ඩා (Shokarige Haaldanda)",Endemic to Sri Lanka,"Non-venomous, Harmless",NE (Not Evaluated),"This species is now considered a synonym of Dendrelaphis tristis. The name is no longer valid.","See entry for Dendrelaphis tristis.","See entry for Dendrelaphis tristis.","See entry for Dendrelaphis tristis.","See entry for Dendrelaphis tristis.","See entry for Dendrelaphis tristis."
Colubridae,"Dendrelaphis sinharajensis (Wickramasinghe, 2016)","Sinharaja Bronzeback","සිංහරාජ හාල්දන්ඩා (Sinharaja Haaldanda)",Endemic to Sri Lanka,"Non-venomous, Harmless",NE (Not Evaluated),"A slender, arboreal snake. Olive-brown dorsally. It has a broad black post-ocular stripe that extends to the neck. The key feature is the bright turquoise-blue coloration on the skin between the scales on the neck, which is displayed when agitated.","Identified by the brilliant blue interstitial skin on the neck region. It is a diurnal, arboreal snake confined to the Sinharaja rainforest.","Feeds on lizards and frogs.","Oviparous (egg-laying).","Known only from the Sinharaja World Heritage Site."
Colubridae,"Dendrelaphis tristis (Daudin, 1803)","Common Bronzeback","හාල්දන්ඩා (Haaldanda)",Not Endemic,"Non-venomous, Harmless",LC (Least Concern),"A very common, slender, arboreal snake. Bronze-brown or coppery above, with a pale underside. It has a faint black stripe through the eye that fades on the neck. When agitated, it may display bluish skin between the scales. It is extremely fast-moving.","The most common bronzeback. It is often identified by the absence of the very distinct patterns seen in other species. It is diurnal and highly active, found in a wide variety of habitats from forests to urban gardens.","Feeds on lizards, geckos, frogs, and insects.","Oviparous (egg-laying).","Widespread and very common throughout the entire island."
Colubridae,"Dendrelaphis wickrorum (Danushka et al., 2020)","Wickramasinghe's Bronzeback","වික්‍රමසිංහගේ හාල්දන්ඩා (Wickramasinghege Haaldanda)",Endemic to Sri Lanka,"Non-venomous, Harmless",NE (Not Evaluated),"A slender, arboreal snake. Distinguished by a combination of scale counts and a unique coloration: olive-green on the anterior half of the body, transitioning to a bronze-brown on the posterior half. It has a black stripe through the eye.","Recognized by the two-tone color pattern (green front, brown back). It is a diurnal, arboreal snake found in the lowland wet zone rainforests.","Feeds on lizards and frogs.","Oviparous (egg-laying).","Found in the lowland wet zone, including the Sinharaja region."
Colubridae,"Dryocalamus chithrasekerai (L. Wickramasinghe et al, 2019)","Chithrasekara's Bridle Snake","චිත්‍රසේකරගේ දාර කරවලා (Chithrasekarage Daara Karawala)",Endemic to Sri Lanka,"Non-venomous, Harmless",NE (Not Evaluated),"A small, slender, nocturnal snake. It has a dark brown or black body with thin, white or yellowish crossbands that are wider on the sides and narrow or interrupted at the spine. The head is broad and the snout is blunt.","Distinguished from other bridle snakes by subtle differences in pattern and scale counts. It is a rare, arboreal snake found in lowland rainforests.","Feeds on lizards, geckos, and their eggs.","Oviparous (egg-laying).","Known from the lowland wet zone forests."
Colubridae,"Dryocalamus nympha (Daudin, 1803)","Common Bridle Snake","දාර කරවලා (Daara Karawala)",Not Endemic,"Non-venomous, Harmless",LC (Least Concern),"A small, slender snake. The body is glossy dark brown or black with 40-50 thin, white or yellowish crossbands that bifurcate (split into a 'Y' shape) on the flanks. The belly is white. The head is broad with a blunt snout.","Identified by the thin white bands that split on the sides. It is a nocturnal, arboreal snake, often found in trees and shrubs, and sometimes entering houses in search of geckos. Found in a variety of habitats.","Feeds primarily on geckos and their eggs.","Oviparous (egg-laying).","Common throughout the low country, especially in the dry zone."
Colubridae,"Fowlea asperrimus (Boulenger, 1891)","Sri Lankan Keelback, Checkered Keelback (local subspecies)","දිය පොළඟා (Diya Polanga)",Endemic to Sri Lanka,"Non-venomous, Harmless",LC (Least Concern),"A medium-sized, stout-bodied, aquatic snake. The body is olive-brown or yellowish with a distinct checkerboard pattern of black spots. The belly is creamy white. The scales are heavily keeled.","Recognized by its checkered pattern and aquatic habits. Often mistaken for the highly venomous Russell's Viper (Daboia russelii, 'Thith Polanga'), but the Keelback has keeled scales, a less distinct head, and is always found near water.","Feeds on frogs, fish, and rodents.","Oviparous (egg-laying).","Widespread and very common in and around freshwater bodies (ponds, lakes, paddy fields) throughout the island."
Colubridae,"Fowlea piscator (Schneider, 1799)",Checkered Keelback,Not Applicable,Not found in Sri Lanka,"Non-venomous, Harmless",LC (Least Concern),"The species found in Sri Lanka, previously considered a subspecies of F. piscator, is now recognized as a distinct endemic species, Fowlea asperrimus. Therefore, F. piscator is not found in Sri Lanka.","See entry for Fowlea asperrimus.","See entry for Fowlea asperrimus.","See entry for Fowlea asperrimus.","See entry for Fowlea asperrimus.","See entry for Fowlea asperrimus."
Homalopsidae,"Gerarda prevostiana (Eydoux & Gervais, 1837)","Gerard's Water Snake, Glossy Marsh Snake","දිය කරවලා (Diya Karawala)",Not Endemic,"Mildly venomous (rear-fanged). Not considered dangerous to humans.","LC (Least Concern),"A small, semi-aquatic snake. The body is uniform glossy grey, brown, or black above, with a whitish or yellowish belly. The scales are smooth. It has adaptations for an aquatic life, including upward-facing nostrils.","A plain-colored, glossy snake found exclusively in mangrove and estuarine habitats. It is nocturnal and secretive, often hiding in crab burrows.","It has a highly specialized diet, feeding on newly molted (soft-shelled) crabs, which it tears apart before eating.","Viviparous (gives birth to live young).","Found in mangrove swamps and estuaries along the western and northwestern coasts."
Colubridae,"Liopeltis calamaria (Günther, 1858)","Reed Snake","පන් සරයා (Pan Saraya)",Not Endemic,"Non-venomous, Harmless",LC (Least Concern),"A very small, thin snake. The body is light brown or greyish-brown above, with a faint darker vertebral line and some scattered black spots. The belly is whitish. The scales are smooth.","Recognized by its very small size, slender build, and smooth scales. It is a secretive, terrestrial snake, found hiding in leaf litter, under stones, and in grass tussocks in a variety of habitats.","Feeds on small insects, spiders, and their eggs.","Oviparous (egg-laying).","Found throughout the island in both wet and dry zones."
Colubridae,"Lycodon aulicus (Linnaeus, 1758)","Common Wolf Snake","අළු රදනකයා (Alu Radanakaya) / Veetukuthi Pambu (வீட்டுக்குத்தி பாம்பு)",Not Endemic,"Non-venomous, Harmless. Mimics the venomous Common Krait. Bites readily but is not dangerous.","LC (Least Concern),"A small, slender snake. Coloration is variable, typically brown or greyish-brown with a pattern of white or yellowish crossbands or a reticulated pattern. The belly is white. It has enlarged front teeth in the upper jaw, resembling fangs.","Often confused with the highly venomous Common Krait (Bungarus caeruleus). The Wolf Snake's bands are usually lighter (white/yellow vs. brilliant white), and it has a more distinct head. It is a nocturnal snake, often found in and around human dwellings, climbing walls in search of geckos.","Feeds primarily on geckos and other lizards.","Oviparous (egg-laying).","Widespread and very common throughout the island."
Colubridae,"Lycodon osmanhilli (Taylor, 1950)","Osman Hill's Wolf Snake","උස්මාන් හිල්ගේ රදනකයා (Usman Hillge Radanakaya)",Not Endemic,"Non-venomous, Harmless",LC (Least Concern),"Similar to L. aulicus, but generally has a more robust build and a different pattern. The body is dark brown with broad, distinct, bright yellow crossbands.","Distinguished from the Common Wolf Snake by its bolder pattern of bright yellow bands. It is a nocturnal, terrestrial snake primarily found in forested areas.","Feeds on lizards and skinks.","Oviparous (egg-laying).","Found in the low country dry and intermediate zones."
Colubridae,"Lycodon striatus (Shaw, 1802)","Shaw's Wolf Snake, Barred Wolf Snake","ඉරි රදනකයා (Iri Radanakaya)",Not Endemic,"Non-venomous, Harmless",LC (Least Concern),"A small snake, dark brown or black above with a series of narrow white or yellowish crossbars. These bars are more prominent on the anterior part of the body and may fade towards the tail. The belly is white.","Identified by its pattern of thin white/yellow bars on a dark background. It is a nocturnal, ground-dwelling snake found under rocks, logs, and debris in a variety of habitats, especially in the dry zone.","Feeds on skinks and other small lizards.","Oviparous (egg-laying).","Widespread throughout the island, particularly in the dry and intermediate zones."
Colubridae,"Lycodon carinatus (Kuhl, 1820)","Sri Lanka Wolf Snake (alternative name for Cercaspis carinata)","This is an older name combination. The currently accepted scientific name for the Sri Lanka Wolf Snake with keeled scales is Cercaspis carinata.","See entry for Cercaspis carinata.","See entry for Cercaspis carinata.","See entry for Cercaspis carinata.","See entry for Cercaspis carinata.","See entry for Cercaspis carinata.","See entry for Cercaspis carinata.","See entry for Cercaspis carinata.","See entry for Cercaspis carinata."
Colubridae,"Oligodon arnensis (Shaw, 1802)","Common Kukri Snake, Banded Kukri Snake","දත් කැටියා (Dath Kaetiya) / Ennai Pambu (எண்ணெய் பாம்பு)",Not Endemic,"Non-venomous, Harmless. Has enlarged, blade-like rear teeth that can inflict a deep, bleeding cut if handled, but it is not venomous.","LC (Least Concern),"A small to medium-sized snake with smooth scales. The body is light brown or reddish-brown with 20-30 distinct, sharp-edged black crossbands. The head has a distinctive symmetrical pattern of three black chevrons or arrowheads. The belly is white.","Easily identified by the bold black bands and the arrowhead markings on its head. It is a terrestrial and burrowing snake, active during the day and at dusk. Found in a wide variety of habitats.","Feeds primarily on the eggs of reptiles and birds. It also eats lizards, frogs, and rodents. Its specialized teeth are used to slice open leathery eggs.","Oviparous (egg-laying).","Widespread and common throughout the island, especially in the low country."
Colubridae,"Oligodon calamarius (Linnaeus, 1758)","Templeton's Kukri Snake","පුල්ලි දත් කැටියා (Pulli Dath Kaetiya)",Endemic to Sri Lanka,"Non-venomous, Harmless",NT (Near Threatened),"A very small kukri snake. The body is reddish-brown with a series of small, black, paired spots along the back. It has a yellow or orange collar behind the head. The belly is white with square black spots.","Recognized by its small size, paired black spots on the back, and a bright nuchal collar. It is a secretive, burrowing snake found in the leaf litter of wet zone forests.","Feeds on the eggs of small reptiles and insects.","Oviparous (egg-laying).","Found in the lowland wet zone and mid-hills."
Colubridae,"Oligodon sublineatus (Duméril, Bibron & Duméril, 1854)","Dumeril's Kukri Snake","යට ඉරි දත් කැටියා (Yata Iri Dath Kaetiya)",Endemic to Sri Lanka,"Non-venomous, Harmless",LC (Least Concern),"A small kukri snake. The body is brown above, with a vertebral series of small, dark, diamond-shaped spots. The belly is distinctively marked with a black and white or pinkish checkerboard pattern. It may have a faint collar.","The key identifying feature is the black-and-white checkered belly. It is a terrestrial, semi-fossorial snake found in a variety of habitats, including forests, plantations, and home gardens.","Feeds on reptile eggs, insects, and small frogs.","Oviparous (egg-laying).","Widespread throughout the island, particularly in the wet and intermediate zones."
Colubridae,"Oligodon taeniolatus (Jerdon, 1853)","Variegated Kukri Snake, Russell's Kukri Snake","පටි දත් කැටියා (Pati Dath Kaetiya)",Not Endemic,"Non-venomous, Harmless",LC (Least Concern),"A highly variable species. Typically light brown or greyish with dark brown or black crossbands that may be complete, broken, or reduced to spots. Some individuals may be almost patternless. The head usually has arrowhead markings.","Distinguished from O. arnensis by its more variable, often less defined, banding. It is a terrestrial snake found primarily in the dry and arid zones, often in scrubland and open country.","Feeds on reptile and bird eggs, lizards, and insects.","Oviparous (egg-laying).","Found in the low country dry zone, especially in the north and east."
Colubridae,"Ptyas mucosa (Linnaeus, 1758)","Indian Rat Snake","ගැරඬියා (Garandiya) / Sara Pambu (சார பாம்பு)",Not Endemic,"Non-venomous, Harmless. A large and powerful snake that will bite fiercely if cornered, but the bite is not medically significant.","LC (Least Concern),"A large, fast-moving snake, often exceeding 2 meters. Coloration is variable, typically olive-green, brown, yellowish, or grey. The posterior part of the body and tail have a distinct reticulated pattern of black-edged scales. It has large eyes.","Recognized by its large size, speed, and the black-edged scale pattern on the rear of its body. It is a diurnal, terrestrial snake found in a very wide range of habitats, from dense forests to agricultural lands and urban areas. When threatened, it emits a deep guttural hiss.","Feeds primarily on rodents, making it beneficial to farmers. It also eats frogs, lizards, birds, and other snakes.","Oviparous (egg-laying), laying large clutches of 8-35 eggs.","Widespread and very common throughout the entire island."
Colubridae,"Rhabdophis plumbicolor (Cantor, 1839)","Green Keelback","පස් ගොයා (Pas Goya)",Not Endemic,"Mildly venomous (rear-fanged). Has Duvernoy's glands. Venom can cause coagulation problems, but bites to humans are extremely rare and no severe envenomations are on record from Sri Lanka.","LC (Least Concern),"A medium-sized snake with a stout body and heavily keeled scales. The body is bright leaf-green or olive-green above, sometimes with faint black markings. The belly is whitish or yellowish. It has a distinct 'V' shaped mark on its neck.","Identified by its uniform green color, very rough (keeled) scales, and stout build. It is a terrestrial, diurnal snake, often found in damp areas like marshes, paddy fields, and forests, usually on the ground.","Feeds almost exclusively on toads. It is resistant to the toxins in toad skin.","Oviparous (egg-laying).","Found throughout the island, especially in the wet and intermediate zones."
Colubridae,"Sibynophis subpunctatus (Duméril, Bibron & Duméril, 1854)","Dumeril's Black-headed Snake","කලු හිස් දාර කරවලා (Kalu His Daara Karawala)",Not Endemic,"Non-venomous, Harmless",LC (Least Concern),"A small, slender snake. The body is light brown or reddish-brown with a dark vertebral line and a series of small black spots along the flanks. The head and neck are distinctively black or dark brown, followed by a bright yellow or orange collar. The belly is yellow.","Easily recognized by the combination of a black cap, a bright yellow/orange collar, and a thin, brown body. It is a secretive, diurnal, ground-dwelling snake found in the leaf litter of forests.","Feeds on small lizards, skinks, and other small snakes.","Oviparous (egg-laying).","Found in the low country dry and intermediate zones."
Pareidae,"Xylophis perroteti (Duméril, Bibron & Duméril, 1854)",Perrotet's Mountain Snake,Not Applicable,Not found in Sri Lanka,"Non-venomous, Harmless",LC (Least Concern),"This species is endemic to the Western Ghats of India and is not recorded from Sri Lanka.","This species is not recorded from Sri Lanka.","This species is not recorded from Sri Lanka.","This species is not recorded from Sri Lanka.","This species is not recorded from Sri Lanka."
Elapidae,"Bungarus caeruleus (Schneider, 1801)","Common Krait, Indian Krait","තෙල් කරවලා (Thel Karawala), මගමරුවා (Magamaruwa) / Kattu Viriyan (கட்டுவிரியன்)",Not Endemic,"Highly Venomous (Neurotoxic). Potentially lethal. Venom causes progressive paralysis, leading to respiratory failure. A bite is a major medical emergency, often occurring at night with minimal pain, leading to delayed treatment. Antivenom is available and essential.","LC (Least Concern),"A medium-sized snake with a glossy black or bluish-black body, encircled by 40-50 narrow, single white crossbands. The bands may be faint or absent on the anterior part of the body. The belly is white. A key feature is the row of enlarged hexagonal scales along the spine.","Identified by its glossy black color, single white bands, and the row of hexagonal vertebral scales. Often confused with the harmless Common Wolf Snake, which lacks the hexagonal scales. It is a nocturnal, terrestrial snake. During the day it hides in termite mounds, brick piles, and rodent burrows.","Feeds primarily on other snakes, but also eats rodents, lizards, and frogs. It is cannibalistic.","Oviparous (egg-laying).","Found throughout the low country, especially common in the dry zone. Responsible for a large number of snakebite deaths in Sri Lanka."
Elapidae,"Bungarus ceylonicus (Günther, 1864)","Sri Lankan Krait, Ceylon Krait","දුනු කරවලා (Dunu Karawala), මුදු කරවලා (Mudu Karawala)",Endemic to Sri Lanka,"Highly Venomous (Neurotoxic). Potentially lethal. Venom is similar to the Common Krait, causing paralysis and respiratory failure. A bite is a major medical emergency. Antivenom (Indian polyvalent) may have some efficacy but is less specific.","VU (Vulnerable),"A medium-sized krait. The body is glossy black with 15-25 broad, white crossbands. Unlike the Common Krait, the bands are wider, fewer in number, and are prominent from head to tail. It also has the enlarged hexagonal vertebral scales.","Distinguished from the Common Krait by its fewer, much broader white bands. It is a nocturnal, terrestrial snake primarily found in the leaf litter of wet zone forests and hilly regions.","Feeds on small snakes, lizards, skinks, and frogs.","Oviparous (egg-laying).","Found in the wet and intermediate zones, from the lowlands up into the central hills."
Elapidae,"Calliophis melanurus (Shaw, 1802)","Slender Coral Snake","දෙපත් කළුවා (Depath Kaluwa)",Not Endemic,"Venomous (Neurotoxic). Bites are very rare due to its small size and secretive nature. While related to cobras and kraits, no deaths are recorded, but a bite should be treated with caution. Its medical significance is considered minor.","LC (Least Concern),"A very small, slender snake with a cylindrical body. The body is light brown or reddish-brown above, with a faint darker vertebral line. The head and neck are black, followed by a yellow or orange ring. The most striking feature is the tail, which has a black ring and a bright red or orange underside, which it displays when threatened.","Recognized by its small size, brown body, and bright red/orange underside of the tail, which it curls upwards to warn predators. It is a secretive, semi-fossorial snake, found under leaf litter, soil, and rotting logs.","Feeds on other small, burrowing snakes (like blind snakes).","Oviparous (egg-laying).","Found in the low country, particularly in the dry and intermediate zones."
Elapidae,"Naja naja (Linnaeus, 1758)","Spectacled Cobra, Indian Cobra","නයා (Naya), නාගයා (Nagaya) / Nalla Pambu (நல்ல பாம்பு)",Not Endemic,"Highly Venomous (Neurotoxic and Cytotoxic). Potentially lethal. Venom causes paralysis, respiratory failure, and severe local tissue damage (necrosis). A bite is a major medical emergency. Antivenom is available and essential.","LC (Least Concern),"A medium to large snake, famous for its ability to spread a hood. Coloration is variable, from yellowish-brown and grey to dark brown or black. The key feature is the 'spectacle' or monocle mark on the back of the hood, although this can sometimes be absent.","Unmistakable when it spreads its hood, which it does when threatened. It is a terrestrial snake, active by day and night. Found in a very wide range of habitats, including forests, paddy fields, plantations, and even urban areas.","Feeds mainly on rodents, but also on frogs, birds, and other snakes.","Oviparous (egg-laying). The female lays eggs in a termite mound or hole and often guards them.","Widespread and common throughout the entire island."
Viperidae,"Daboia russelii (Shaw & Nodder, 1797)","Russell's Viper","තිත් පොළඟා (Thith Polanga) / Kannadi Viriyan (கண்ணாடி விரியன்)",Not Endemic,"Highly Venomous (Hemotoxic, Cytotoxic). Potentially lethal. Venom causes severe pain, swelling, blood clotting disorders (leading to hemorrhage), and kidney failure. A bite is a major medical emergency. Antivenom is available and essential.","LC (Least Concern),"A large, very stout-bodied viper with a flattened, triangular head that is distinct from the neck. The body is light brown or yellowish-brown, with three longitudinal rows of large, dark brown, circular blotches, each edged with black and often with a white rim.","Identified by its thick body and the three rows of distinct, chained circular spots. It is a terrestrial, nocturnal snake, often found in open grassy areas, scrubland, and agricultural lands. When threatened, it produces an extremely loud, continuous hiss.","Feeds almost exclusively on rodents, making it ecologically important for pest control.","Viviparous (gives birth to live young), producing large litters of 20-60 offspring.","Found throughout the island, but most common in the low country dry zone. Responsible for the highest number of severe snakebite envenomations and deaths in Sri Lanka."
Viperidae,"Echis carinatus (Schneider, 1801)","Saw-scaled Viper","වැලි පොළඟා (Weli Polanga) / Surattai Pambu (சுருட்டை பாம்பு)",Not Endemic,"Highly Venomous (Hemotoxic). Potentially lethal. Venom is a powerful hemotoxin causing systemic bleeding and coagulation problems. A bite is a major medical emergency. Antivenom is available and essential.","LC (Least Concern),"A small viper, usually under 50 cm. The body is brownish, grayish, or sandy in color, with a series of whitish, dark-edged blotches along the back, often connected by a wavy line. The head has a distinct cross or trident-shaped mark. The scales on its sides are serrated.","Recognized by its small size, rough appearance, and a distinctive threat display where it rubs its serrated scales together to produce a loud, continuous rasping or sizzling sound. It is a nocturnal, terrestrial viper found in arid and sandy coastal areas.","Feeds on lizards, scorpions, centipedes, and small rodents.","Viviparous (gives birth to live young).","Restricted to the arid coastal regions of the north, northwest (Puttalam to Jaffna), and southeast (Yala to Hambantota)."
Viperidae,"Hypnale hypnale (Merrem, 1820)","Hump-nosed Pit Viper, Merrem's Hump-nosed Viper","කුණකටුවා (Kunakatuwa), පොළොං තෙලිස්සා (Polon Thelissa)",Not Endemic,"Venomous (Hemotoxic, Cytotoxic). Previously considered moderately venomous, it is now known to cause serious effects including pain, swelling, blood clotting issues, and acute kidney failure. No specific antivenom exists, making bites medically significant and potentially fatal.","LC (Least Concern),"A small pit viper with a stout body and a distinctly upturned snout. Coloration is grayish-brown with a double row of large, dark, subtriangular blotches on the back. The head is triangular. It has a heat-sensing pit between the eye and nostril.","Identified by its upturned snout ('hump-nose'). It is a nocturnal, terrestrial snake, very common in leaf litter in forests, plantations (rubber, tea, coconut), and home gardens. It is slow-moving and relies on camouflage.","Feeds on lizards, frogs, skinks, and small rodents.","Viviparous (gives birth to live young).","Widespread and very common throughout the wet and intermediate zones, from lowlands to high hills. Responsible for a very large number of snakebites in Sri Lanka."
Viperidae,"Hypnale zara (Gray, 1849)","Zara's Hump-nosed Pit Viper","සරාගේ කුණකටුවා (Sarage Kunakatuwa)",Endemic to Sri Lanka,"Venomous. Assumed to be medically significant, similar to other Hypnale species.","NE (Not Evaluated),"Very similar to H. hypnale. Differentiated by subtle characteristics like a more pointed snout, higher number of ventral scales, and specific details of its hemipenis structure. Identification is difficult without expert examination.","Difficult to distinguish from H. hypnale in the field. It is a nocturnal, terrestrial pit viper found in leaf litter in forested habitats.","Feeds on small vertebrates like frogs, lizards, and rodents.","Viviparous (gives birth to live young).","Found in the lowland wet zone rainforests, such as Kanneliya and Sinharaja."
Viperidae,"Hypnale nepa (Laurenti, 1768)","Sri Lankan Hump-nosed Pit Viper","මුකුළු කුණකටුවා (Mukulu Kunakatuwa)",Endemic to Sri Lanka,"Venomous. Assumed to be medically significant, similar to other Hypnale species.","LC (Least Concern),"Similar to other Hypnale, with an upturned snout. Body color is darker brown or reddish-brown, often with less distinct dorsal blotches compared to H. hypnale. It is generally found at higher elevations.","Distinguished from H. hypnale by its darker coloration and higher altitude habitat. A nocturnal, terrestrial snake found in leaf litter in montane and sub-montane forests.","Feeds on frogs, lizards, and shrews.","Viviparous (gives birth to live young).","Found in the central hills of Sri Lanka, typically above 900m."
Viperidae,"Hypnale walli (Gloyd, 1977)","Wall's Hump-nosed Pit Viper","වෝල්ගේ කුණකටුවා (Wallge Kunakatuwa)",Endemic to Sri Lanka,"Venomous. Assumed to be medically significant, similar to other Hypnale species.","EN (Endangered),"A small Hypnale species with a less prominently upturned snout. It is distinguished by its low number of ventral scales and specific color patterns, often having a more intricate head pattern.","Very difficult to identify without expert examination. A rare, nocturnal, ground-dwelling snake found in the leaf litter of specific lowland rainforest patches.","Feeds on small frogs and lizards.","Viviparous (gives birth to live young).","Restricted to the lowland wet zone, particularly in the Ratnapura and Galle districts."
Viperidae,"Trimeresurus trigonocephalus (Latreille, 1801)","Sri Lankan Green Pit Viper, Pala Polanga","පළා පොළඟා (Pala Polanga) / Kopi Viriyan (கோப்பி விரியன்)",Endemic to Sri Lanka,"Venomous (Hemotoxic). Bites are common but rarely fatal. Venom causes severe local pain, swelling, and blood coagulation problems. Medical attention is required. No specific antivenom is available.","LC (Least Concern),"A medium-sized, prehensile-tailed pit viper. Males are typically bright leaf-green with a blue and white or yellow and black stripe along the flank. Females are a more uniform green and larger. The head is broad, triangular, and distinct from the neck.","Unmistakable due to its bright green color, triangular head, and prehensile tail. It is a nocturnal, arboreal snake, found in trees and shrubs in all forested areas of the wet and intermediate zones.","Feeds on frogs, lizards, small birds, and rodents.","Viviparous (gives birth to live young).","Widespread and common in the wet and intermediate zones, from lowlands to the highest hills."
Elapidae,"Hydrophis schistosus (Daudin, 1803)","Hook-nosed Sea Snake","වක්ක මුහුදු නයා (Wakka Mudu Naya)",Not Endemic,"Highly Venomous (Neurotoxic, Myotoxic). Potentially lethal. It is a very aggressive snake with a potent venom. Bites are a major medical emergency. No specific antivenom for sea snakes is available in Sri Lanka.","LC (Least Concern),"A common sea snake with a greyish body, darker above and paler below, often with faint crossbands. The key feature is the downward-pointing, hook-like projection on its snout. The tail is flattened like a paddle for swimming.","Identified by its hooked snout and marine habitat. It is found in shallow coastal waters, estuaries, and river mouths. Often encountered by fishermen.","Feeds on fish, particularly catfish.","Viviparous (gives birth to live young in the water).","Found in coastal waters all around Sri Lanka."
Elapidae,"Hydrophis platurus (Linnaeus, 1766)","Yellow-bellied Sea Snake","කහ බඩැති මුහුදු නයා (Kaha Badathi Mudu Naya)",Not Endemic,"Highly Venomous (Neurotoxic, Myotoxic). Potentially lethal. Despite its potent venom, it is generally not aggressive and bites are rare. However, any bite should be treated as a medical emergency.","LC (Least Concern),"A uniquely colored snake, unmistakable in its habitat. The dorsal side is uniform black or dark brown, sharply demarcated from a bright yellow or brownish belly. The tail is flattened and spotted with black.","The only pelagic (open ocean) snake. Recognized by its distinct bicolor pattern (dark top, bright yellow bottom). It is often found in large slicks or aggregations on the surface of the open ocean.","Feeds on small surface-dwelling fish.","Viviparous (gives birth to live young in the water).","Found in oceanic waters off the coast of Sri Lanka."
Elapidae,"Hydrophis spiralis (Shaw, 1802)","Yellow Sea Snake","කහ මුහුදු නයා (Kaha Mudu Naya)",Not Endemic,"Highly Venomous (Neurotoxic, Myotoxic). Potentially lethal. A bite is a medical emergency.","LC (Least Concern),"The longest species of sea snake. The body is yellowish or yellowish-green with narrow black rings encircling the body. The head is yellow with black markings. The tail is flattened.","Recognized by its large size and pattern of black rings on a yellow background. Found in coastal waters.","Feeds on fish, especially eels.","Viviparous (gives birth to live young in the water).","Found in coastal waters around Sri Lanka."
Elapidae,"Hydrophis stokesii (Gray, 1846)","Stokes's Sea Snake","මහ මුහුදු නයා (Maha Mudu Naya)",Not Endemic,"Highly Venomous (Neurotoxic, Myotoxic). Potentially lethal. A bite is a medical emergency.","LC (Least Concern),"A very large and stout-bodied sea snake, possibly the heaviest of all. Coloration is variable, from cream or yellow to brown, with broad, dark crossbands or blotches. It has a distinctive spine on the ventral scales, giving the belly a thorny feel.","Identified by its extremely thick, robust body. It is a powerful snake found in coastal waters.","Feeds on fish.","Viviparous (gives birth to live young in the water).","Found in coastal waters around Sri Lanka."
Elapidae,"Hydrophis cyanocinctus (Daudin, 1803)","Annulated Sea Snake","නිල් වළලු මුහුදු නයා (Nil Walalu Mudu Naya)",Not Endemic,"Highly Venomous (Neurotoxic, Myotoxic). Potentially lethal. A bite is a medical emergency.","LC (Least Concern),"A long, slender sea snake. The body is yellowish or olive with dark bluish-black or black crossbands that are wider on the back and taper towards the belly.","Recognized by its pattern of dark, wide bands on a lighter background. Found in shallow coastal waters and estuaries.","Feeds on fish, especially eels.","Viviparous (gives birth to live young in the water).","Found in coastal waters around Sri Lanka."
Elapidae,"Hydrophis gracilis (Shaw, 1802)","Slender Sea Snake","සිහින් මුහුදු නයා (Sihin Mudu Naya)",Not Endemic,"Highly Venomous (Neurotoxic, Myotoxic). Potentially lethal. A bite is a medical emergency.","LC (Least Concern),"A uniquely shaped sea snake. It has a very long, slender neck and anterior body, which then becomes much thicker towards the rear. Color is greyish above and whitish below, with dark bands or blotches.","Identified by its disproportionately thin neck and front body compared to its thick rear body. Found in coastal waters.","Feeds on fish, using its thin neck to probe into burrows.","Viviparous (gives birth to live young in the water).","Found in coastal waters around Sri Lanka."
Elapidae,"Hydrophis ornatus (Gray, 1842)","Ornate Sea Snake","ලකල් මුහුදු නයා (Lakal Mudu Naya)",Not Endemic,"Highly Venomous (Neurotoxic, Myotoxic). Potentially lethal. A bite is a medical emergency.","LC (Least Concern),"A stout-bodied sea snake. The body is light-colored (whitish to olive) with dark crossbands that are wider on the back. The head is large.","A common but variably patterned sea snake found in shallow marine environments.","Feeds on bottom-dwelling fish.","Viviparous (gives birth to live young in the water).","Found in coastal waters around Sri Lanka."
Elapidae,"Hydrophis jerdonii (Gray, 1849)","Jerdon's Sea Snake","ජර්ඩන්ගේ මුහුදු නයා (Jerdonge Mudu Naya)",Not Endemic,"Highly Venomous (Neurotoxic, Myotoxic). Potentially lethal. A bite is a medical emergency.","LC (Least Concern),"A small sea snake with a short head and slender body. The body is yellowish or whitish with a series of dark, rhombus-shaped blotches along the back.","Identified by the series of dark diamond-shaped markings on its back. Found in coastal waters and estuaries.","Feeds on fish.","Viviparous (gives birth to live young in the water).","Found in coastal waters around Sri Lanka."
Elapidae,"Hydrophis lapemoides (Gray, 1849)","Persian Gulf Sea Snake","පර්සියන් මුහුදු නයා (Persian Mudu Naya)",Not Endemic,"Highly Venomous (Neurotoxic, Myotoxic). Potentially lethal. A bite is a medical emergency.","LC (Least Concern),"A medium-sized sea snake. Coloration is olive or yellowish with dark crossbands that are much wider on the back.","A common species in the coastal waters of the Indian Ocean.","Feeds on fish.","Viviparous (gives birth to live young in the water).","Found in coastal waters around Sri Lanka."
Elapidae,"Hydrophis obscurus (Daudin, 1803)","Russell's Sea Snake","රසල්ගේ මුහුදු නයා (Russelge Mudu Naya)",Not Endemic,"Highly Venomous (Neurotoxic, Myotoxic). Potentially lethal. A bite is a medical emergency.","LC (Least Concern),"A sea snake with olive or greyish coloration above and yellowish-white below, with dark bands encircling the body.","Difficult to distinguish from other banded sea snakes without close examination. Found in coastal waters.","Feeds on fish.","Viviparous (gives birth to live young in the water).","Found in coastal waters around Sri Lanka."
Elapidae,"Hydrophis viperinus (Schmidt, 1852)","Viperine Sea Snake","පොළොං මුහුදු නයා (Polon Mudu Naya)",Not Endemic,"Highly Venomous (Neurotoxic, Myotoxic). Potentially lethal. A bite is a medical emergency.","LC (Least Concern),"A sea snake with a large head, resembling a viper. The body is greyish above and whitish below, sometimes with dark crossbands or spots.","Named for its viper-like head. Found in coastal marine habitats.","Feeds on fish.","Viviparous (gives birth to live young in the water).","Found in coastal waters around Sri Lanka."
Elapidae,"Laticauda colubrina (Schneider, 1799)","Yellow-lipped Sea Krait","වැම්පත් මුහුදු නයා (Wampath Mudu Naya)",Not Endemic,"Highly Venomous (Neurotoxic). Potentially lethal. However, it is a very placid and non-aggressive snake, and bites are extremely rare. It is amphibious, meaning it comes ashore.","LC (Least Concern),"An amphibious sea snake (a sea krait). The body is cylindrical (not as flattened as true sea snakes) and patterned with distinct black bands on a bluish-grey background. The key feature is the bright yellow coloration on the snout and upper lip.","Recognized by the black and blue/grey banding and the distinct yellow snout. Unlike true sea snakes, it is often seen on land, on rocky shores and coral islands, where it rests, digests, and lays eggs.","Feeds almost exclusively on eels, which it hunts in coral reefs.","Oviparous (egg-laying). It is unique among sea snakes in Sri Lanka for laying its eggs on land, in rock crevices.","Found on rocky coastlines and offshore islands, particularly in the south."
Elapidae,"Laticauda laticaudata (Linnaeus, 1758)","Common Sea Krait, Black-lipped Sea Krait","කලු වැම්පත් මුහුදු නයා (Kalu Wampath Mudu Naya)",Not Endemic,"Highly Venomous (Neurotoxic). Potentially lethal. Similar to L. colubrina, it is extremely docile and bites are virtually unheard of.","LC (Least Concern),"Very similar to the Yellow-lipped Sea Krait, with a banded black and blue/grey body. The main difference is that the snout and upper lip are dark (black or dark brown), not yellow.","Distinguished from L. colubrina by its dark, not yellow, snout. It shares the same amphibious habits, hunting in the sea and resting or laying eggs on land.","Feeds on eels.","Oviparous (egg-laying) on land.","Found in similar habitats to L. colubrina, on rocky shores and islands."